{
    "appid"    : "ce00c5d1-df9c-4f7d-b324-9b0c071c2457",
    "name"   : "OpenC2 Forwarder",
    "description": "This Phantom application was designed to simulate OpenC2 commands that can be forwarded to a Phantom Server that has the ability to ingest the OpenC2 command and take the necessary action to fulfill its mission.",
    "publisher": "Phantom Cyber",
    "type": "endpoint",
    "app_version": "1.0.2",
    "connector": "openc2forwarder.pyc",
    "connector_version": "1.0.0",
    "package_name": "phantom_openc2_forwarder",
    "product_vendor": "OpenC2",
    "main_module": "openc2forwarder.pyc",    
    "min_phantom_version": "1.0.240",
    "product_name": "OpenC2 Forwarder",
    "product_version_regex": ".*",
    "logo": "openc2_forwarder.png",
    "license": "Copyright (c) Phantom Cyber Corporation 2015",
    "configuration": {
      "url": {
        "data_type": "string",
        "order": 0,
        "description": "Phantom Cyber Ingest Server, e.g. in this case it would be https://192.168.0.36/...",
        "required": true
      },
      "ph": {
        "data_type": "ph",
        "order": 1
      },
      "username": {
        "data_type": "string",
        "order": 2,
        "description": "Username",
        "required": false
      },
      "password": {
        "data_type": "password",
        "order": 3,
        "description": "Password",
        "required": false
      }
    },
    "actions": [
      { 
        "action": "test connectivity",
        "description": "Validate the asset configuration for connectivity. This action runs a quick query on the device to check the connection and credentials.",
        "type": "test",
        "identifier": "test_asset_connectivity",
        "read_only": true,
        "parameters": {
        },
        "output": [],
        "versions":"EQ(*)"
      },
      {
        "action": "forward openc2 command",
        "description": "Simulation of Phantom Enterprise manager forwarding an OpenC2 command to a Phantom Server elsewhere in the enterprise.",
        "type": "contain",
        "identifier": "forward_openc2_command",
        "read_only": true,
        "parameters": {
          "openc2command": {
            "data_type": "string",
            "order": 0,
            "description": "The OpenC2 Command in JSON format.",
            "default": "0",
            "required": true 
          }
        },  
        "output": [
          {
            "data_path": "action_result.status",
            "data_type": "string"
          }
        ],
        "versions":"EQ(*)"
      }
    ]
}
