{
  "high_level_data": {
    "asset_id": "5",
    "status": "new",
    "description": "Phantom Cyber ingest of OpenC2 Alert!",
    "name": "OpenC2 Mitigation",
    "sensitivity": "amber",
    "source_data_identifier": " 9z8x7c6v98z7x6cv98xz7c6v98zx76cv98z7xc6v",
    "label": "4s0ghd8u73dlodcboh5d11ldko",
    "due_time": "2016-01-14T21:54:39.517382Z",
    "end_time": "2016-01-14T21:54:39.517555Z",
    "ingest_connector_id": 437614,
    "containname": "OpenC2 Commands",
    "data": {
      "data_field1": "BGhXm6wizmLjt"
    },
    "start_time": "2016-01-14T21:54:39.517955Z",
    "severity": "medium",
    "low_level_data": {
      "asset_id": 601925,
      "cef": {
        "requestClientApplication": "",
        "destinationAddress": "",
        "deviceFacility": "",
        "deviceExternalId": "",
        "cn2Label": "",
        "deviceCustomDate1": "",
        "deviceCustomDate2": "",
        "cs1": "",
        "deviceCustomNumber3Label": "",
        "destinationDnsDomain": "",
        "destinationUserName": "",
        "fileHash": "8b317b683d052efda16ab03c68ae2dee",
        "filePath": "",
        "end": "",
        "sourceTranslatedAddress": "",
        "fileName": "UNAVAILABLE",
        "fileModificationTime": "",
        "deviceCustomString5Label": "",
        "deviceAddress": "",
        "destinationHostName": "",
        "fileId": "",
        "dpt": "",
        "oldfileHash": "",
        "destinationServiceName": "",
        "sourceNtDomain": "",
        "requestMethod": "",
        "cn1Label": "",
        "sourceDnsDomain": "",
        "endTime": "",
        "sourceAddress": "10.10.0.201",
        "bytesIn": "",
        "bytesOut": "",
        "deviceProcessName": "",
        "cn3Label": "",
        "deviceCustomString4Label": "",
        "cs6Label": "",
        "out": "",
        "rt": "",
        "cnt": "",
        "sourceHostName": "",
        "deviceCustomNumber3": "",
        "dst": "103.230.84.239",
        "deviceHostname": "",
        "deviceCustomNumber1Label": "",
        "externalId": "",
        "deviceDirection": "",
        "method": "",
        "dmac": "",
        "oldfileId": "",
        "sourceServiceName": "",
        "baseEventCount": "120",
        "dvchost": "",
        "destinationUserPrivileges": "",
        "fileSize": "",
        "sourceMacAddress": "",
        "deviceCustomString6": "",
        "deviceCustomString5": "",
        "deviceCustomString4": "",
        "deviceCustomString3": "",
        "deviceCustomString1Label": "",
        "destinationMacAddress": "",
        "duser": "",
        "cs3Label": "",
        "cn2": "",
        "cn3": "",
        "destinationTranslatedAddress": "",
        "cn1": "",
        "deviceCustomString3Label": "",
        "act": "",
        "dhost": "",
        "filePermission": "",
        "dntdom": "",
        "deviceCustomString6Label": "",
        "app": "",
        "smac": "",
        "deviceInboundInterface": "",
        "message": "",
        "deviceDnsDomain": "",
        "deviceCustomNumber2": "",
        "deviceCustomNumber1": "",
        "deviceCustomDate2Label": "",
        "dpriv": "",
        "suid": "",
        "oldfilePermission": "",
        "deviceCustomString2": "",
        "start": "",
        "deviceCustomString1": "",
        "msg": "",
        "src": "",
        "sourceUserId": "",
        "requestURL": "",
        "sourceUserName": "",
        "sourceTranslatedPort": "",
        "oldfileType": "",
        "destinationPort": "80",
        "destinationUserId": "",
        "sourcePort": "4286",
        "requestCookies": "",
        "spriv": "",
        "deviceCustomDate1Label": "",
        "cs4Label": "",
        "transportProtocol": "",
        "cat": "",
        "deviceMacAddress": "",
        "duid": "",
        "deviceOutboundInterface": "",
        "destinationProcessName": "",
        "spt": "",
        "cs2Label": "",
        "sntdom": "",
        "in": "",
        "oldfileModificationTime": "",
        "oldfileName": "",
        "deviceAction": "",
        "proto": "",
        "deviceCustomString2Label": "",
        "fileType": "",
        "deviceTranslatedAddress": "",
        "fsize": "",
        "dproc": "",
        "fname": "",
        "destinationNtDomain": "",
        "fileCreateTime": "2014-10-19 12:41:32",
        "ApplicationProtocol": "",
        "suser": "",
        "destinationTranslatedPort": "",
        "cs1Label": "",
        "oldfsize": "",
        "startTime": "09\/09\/2014 16:30:00",
        "shost": "",
        "oldfileCreateTime": "",
        "oldfilePath": "",
        "deviceCustomNumber2Label": "",
        "deviceEventCategory": "",
        "cs5Label": "",
        "request": "",
        "sourceUserPrivileges": "",
        "dvc": "",
        "cs5": "",
        "cs4": "",
        "cs6": "",
        "receiptTime": "",
        "cs3": "",
        "cs2": ""
      },
      "severity": "medium",
      "data": {
        "data_field1": "ZURNKdbqMSny8"
      },
      "start_time": "2016-01-14T21:54:39.762095Z",
      "source_data_identifier": "n4ivxGKh0tHWso74nhJlcSSwKq",
      "label": "event",
      "end_time": "2016-01-14T21:54:39.762530Z",
      "ingest_connector_id": 796153,
      "type": "NWPUAbtcNNQDyz9KXurJkdG7QV"
    }
  }
}
